PassengerId,Pclass,Sex,Age,Fare,Survived
1,3,male,22.0,7.25,False
2,1,female,38.0,71.2833,True
3,3,female,26.0,7.925,True
4,1,female,35.0,53.1,True
5,3,male,35.0,8.05,False
6,3,male,,8.4583,False
7,1,male,54.0,51.8625,False
8,3,male,2.0,21.075,False
9,3,female,27.0,11.1333,True
10,2,female,14.0,30.0708,True
11,3,female,4.0,16.7,True
12,1,female,58.0,26.55,True
13,3,male,20.0,8.05,False
14,3,male,39.0,31.275,False
15,3,female,14.0,7.8542,False
16,2,female,55.0,16.0,True
17,3,male,2.0,29.125,False
18,2,male,,13.0,True
19,3,female,31.0,18.0,False
20,3,female,,7.225,True
21,2,male,35.0,26.0,False
22,2,male,34.0,13.0,True
23,3,female,15.0,8.0292,True
24,1,male,28.0,35.5,True
25,3,female,8.0,21.075,False
26,3,female,38.0,31.3875,True
27,3,male,,7.225,False
28,1,male,19.0,263.0,False
29,3,female,,7.8792,True
30,3,male,,7.8958,False
31,1,male,40.0,27.7208,False
32,1,female,,146.5208,True
33,3,female,,7.75,True
34,2,male,66.0,10.5,False
35,1,male,28.0,82.1708,False
36,1,male,42.0,52.0,False
37,3,male,,7.2292,True
38,3,male,21.0,8.05,False
39,3,female,18.0,18.0,False
40,3,female,14.0,11.2417,True
41,3,female,40.0,9.475,False
42,2,female,27.0,21.0,False
43,3,male,,7.8958,False
44,2,female,3.0,41.5792,True
45,3,female,19.0,7.8792,True
46,3,male,,8.05,False
47,3,male,,15.5,False
48,3,female,,7.75,True
49,3,male,,21.6792,False
50,3,female,18.0,17.8,False
51,3,male,7.0,39.6875,False
52,3,male,21.0,7.8,False
53,1,female,49.0,76.7292,True
54,2,female,29.0,26.0,True
55,1,male,65.0,61.9792,False
56,1,male,,35.5,True
57,2,female,21.0,10.5,True
58,3,male,28.5,7.2292,False
59,2,female,5.0,27.75,True
60,3,male,11.0,46.9,False
61,3,male,22.0,7.2292,False
62,1,female,38.0,80.0,True
63,1,male,45.0,83.475,False
64,3,male,4.0,27.9,False
65,1,male,,27.7208,False
66,3,male,,15.2458,True
67,2,female,29.0,10.5,True
68,3,male,19.0,8.1583,False
69,3,female,17.0,7.925,True
70,3,male,26.0,8.6625,False
71,2,male,32.0,10.5,False
72,3,female,16.0,46.9,False
73,2,male,21.0,73.5,False
74,3,male,26.0,14.4542,False
75,3,male,32.0,56.4958,True
76,3,male,25.0,7.65,False
77,3,male,,7.8958,False
78,3,male,,8.05,False
79,2,male,0.83,29.0,True
80,3,female,30.0,12.475,True
81,3,male,22.0,9.0,False
82,3,male,29.0,9.5,True
83,3,female,,7.7875,True
84,1,male,28.0,47.1,False
85,2,female,17.0,10.5,True
86,3,female,33.0,15.85,True
87,3,male,16.0,34.375,False
88,3,male,,8.05,False
89,1,female,23.0,263.0,True
90,3,male,24.0,8.05,False
91,3,male,29.0,8.05,False
92,3,male,20.0,7.8542,False
93,1,male,46.0,61.175,False
94,3,male,26.0,20.575,False
95,3,male,59.0,7.25,False
96,3,male,,8.05,False
97,1,male,71.0,34.6542,False
98,1,male,23.0,63.3583,True
99,2,female,34.0,23.0,True
100,2,male,34.0,26.0,False
101,3,female,28.0,7.8958,False
102,3,male,,7.8958,False
103,1,male,21.0,77.2875,False
104,3,male,33.0,8.6542,False
105,3,male,37.0,7.925,False
106,3,male,28.0,7.8958,False
107,3,female,21.0,7.65,True
108,3,male,,7.775,True
109,3,male,38.0,7.8958,False
110,3,female,,24.15,True
111,1,male,47.0,52.0,False
112,3,female,14.5,14.4542,False
113,3,male,22.0,8.05,False
114,3,female,20.0,9.825,False
115,3,female,17.0,14.4583,False
116,3,male,21.0,7.925,False
117,3,male,70.5,7.75,False
118,2,male,29.0,21.0,False
119,1,male,24.0,247.5208,False
120,3,female,2.0,31.275,False
121,2,male,21.0,73.5,False
122,3,male,,8.05,False
123,2,male,32.5,30.0708,False
124,2,female,32.5,13.0,True
125,1,male,54.0,77.2875,False
126,3,male,12.0,11.2417,True
127,3,male,,7.75,False
128,3,male,24.0,7.1417,True
129,3,female,,22.3583,True
130,3,male,45.0,6.975,False
131,3,male,33.0,7.8958,False
132,3,male,20.0,7.05,False
133,3,female,47.0,14.5,False
134,2,female,29.0,26.0,True
135,2,male,25.0,13.0,False
136,2,male,23.0,15.0458,False
137,1,female,19.0,26.2833,True
138,1,male,37.0,53.1,False
139,3,male,16.0,9.2167,False
140,1,male,24.0,79.2,False
141,3,female,,15.2458,False
142,3,female,22.0,7.75,True
143,3,female,24.0,15.85,True
144,3,male,19.0,6.75,False
145,2,male,18.0,11.5,False
146,2,male,19.0,36.75,False
147,3,male,27.0,7.7958,True
148,3,female,9.0,34.375,False
149,2,male,36.5,26.0,False
150,2,male,42.0,13.0,False
151,2,male,51.0,12.525,False
152,1,female,22.0,66.6,True
153,3,male,55.5,8.05,False
154,3,male,40.5,14.5,False
155,3,male,,7.3125,False
156,1,male,51.0,61.3792,False
157,3,female,16.0,7.7333,True
158,3,male,30.0,8.05,False
159,3,male,,8.6625,False
160,3,male,,69.55,False
161,3,male,44.0,16.1,False
162,2,female,40.0,15.75,True
163,3,male,26.0,7.775,False
164,3,male,17.0,8.6625,False
165,3,male,1.0,39.6875,False
166,3,male,9.0,20.525,True
167,1,female,,55.0,True
168,3,female,45.0,27.9,False
169,1,male,,25.925,False
170,3,male,28.0,56.4958,False
171,1,male,61.0,33.5,False
172,3,male,4.0,29.125,False
173,3,female,1.0,11.1333,True
174,3,male,21.0,7.925,False
175,1,male,56.0,30.6958,False
176,3,male,18.0,7.8542,False
177,3,male,,25.4667,False
178,1,female,50.0,28.7125,False
179,2,male,30.0,13.0,False
180,3,male,36.0,0.0,False
181,3,female,,69.55,False
182,2,male,,15.05,False
183,3,male,9.0,31.3875,False
184,2,male,1.0,39.0,True
185,3,female,4.0,22.025,True
186,1,male,,50.0,False
187,3,female,,15.5,True
188,1,male,45.0,26.55,True
189,3,male,40.0,15.5,False
190,3,male,36.0,7.8958,False
191,2,female,32.0,13.0,True
192,2,male,19.0,13.0,False
193,3,female,19.0,7.8542,True
194,2,male,3.0,26.0,True
195,1,female,44.0,27.7208,True
196,1,female,58.0,146.5208,True
197,3,male,,7.75,False
198,3,male,42.0,8.4042,False
199,3,female,,7.75,True
200,2,female,24.0,13.0,False
201,3,male,28.0,9.5,False
202,3,male,,69.55,False
203,3,male,34.0,6.4958,False
204,3,male,45.5,7.225,False
205,3,male,18.0,8.05,True
206,3,female,2.0,10.4625,False
207,3,male,32.0,15.85,False
208,3,male,26.0,18.7875,True
209,3,female,16.0,7.75,True
210,1,male,40.0,31.0,True
211,3,male,24.0,7.05,False
212,2,female,35.0,21.0,True
213,3,male,22.0,7.25,False
214,2,male,30.0,13.0,False
215,3,male,,7.75,False
216,1,female,31.0,113.275,True
217,3,female,27.0,7.925,True
218,2,male,42.0,27.0,False
219,1,female,32.0,76.2917,True
220,2,male,30.0,10.5,False
221,3,male,16.0,8.05,True
222,2,male,27.0,13.0,False
223,3,male,51.0,8.05,False
224,3,male,,7.8958,False
225,1,male,38.0,90.0,True
226,3,male,22.0,9.35,False
227,2,male,19.0,10.5,True
228,3,male,20.5,7.25,False
229,2,male,18.0,13.0,False
230,3,female,,25.4667,False
231,1,female,35.0,83.475,True
232,3,male,29.0,7.775,False
233,2,male,59.0,13.5,False
234,3,female,5.0,31.3875,True
235,2,male,24.0,10.5,False
236,3,female,,7.55,False
237,2,male,44.0,26.0,False
238,2,female,8.0,26.25,True
239,2,male,19.0,10.5,False
240,2,male,33.0,12.275,False
241,3,female,,14.4542,False
242,3,female,,15.5,True
243,2,male,29.0,10.5,False
244,3,male,22.0,7.125,False
245,3,male,30.0,7.225,False
246,1,male,44.0,90.0,False
247,3,female,25.0,7.775,False
248,2,female,24.0,14.5,True
249,1,male,37.0,52.5542,True
250,2,male,54.0,26.0,False
251,3,male,,7.25,False
252,3,female,29.0,10.4625,False
253,1,male,62.0,26.55,False
254,3,male,30.0,16.1,False
255,3,female,41.0,20.2125,False
256,3,female,29.0,15.2458,True
257,1,female,,79.2,True
258,1,female,30.0,86.5,True
259,1,female,35.0,512.3292,True
260,2,female,50.0,26.0,True
261,3,male,,7.75,False
262,3,male,3.0,31.3875,True
263,1,male,52.0,79.65,False
264,1,male,40.0,0.0,False
265,3,female,,7.75,False
266,2,male,36.0,10.5,False
267,3,male,16.0,39.6875,False
268,3,male,25.0,7.775,True
269,1,female,58.0,153.4625,True
270,1,female,35.0,135.6333,True
271,1,male,,31.0,False
272,3,male,25.0,0.0,True
273,2,female,41.0,19.5,True
274,1,male,37.0,29.7,False
275,3,female,,7.75,True
276,1,female,63.0,77.9583,True
277,3,female,45.0,7.75,False
278,2,male,,0.0,False
279,3,male,7.0,29.125,False
280,3,female,35.0,20.25,True
281,3,male,65.0,7.75,False
282,3,male,28.0,7.8542,False
283,3,male,16.0,9.5,False
284,3,male,19.0,8.05,True
285,1,male,,26.0,False
286,3,male,33.0,8.6625,False
287,3,male,30.0,9.5,True
288,3,male,22.0,7.8958,False
289,2,male,42.0,13.0,True
290,3,female,22.0,7.75,True
291,1,female,26.0,78.85,True
292,1,female,19.0,91.0792,True
293,2,male,36.0,12.875,False
294,3,female,24.0,8.85,False
295,3,male,24.0,7.8958,False
296,1,male,,27.7208,False
297,3,male,23.5,7.2292,False
298,1,female,2.0,151.55,False
299,1,male,,30.5,True
300,1,female,50.0,247.5208,True
301,3,female,,7.75,True
302,3,male,,23.25,True
303,3,male,19.0,0.0,False
304,2,female,,12.35,True
305,3,male,,8.05,False
306,1,male,0.92,151.55,True
307,1,female,,110.8833,True
308,1,female,17.0,108.9,True
309,2,male,30.0,24.0,False
310,1,female,30.0,56.9292,True
311,1,female,24.0,83.1583,True
312,1,female,18.0,262.375,True
313,2,female,26.0,26.0,False
314,3,male,28.0,7.8958,False
315,2,male,43.0,26.25,False
316,3,female,26.0,7.8542,True
317,2,female,24.0,26.0,True
318,2,male,54.0,14.0,False
319,1,female,31.0,164.8667,True
320,1,female,40.0,134.5,True
321,3,male,22.0,7.25,False
322,3,male,27.0,7.8958,False
323,2,female,30.0,12.35,True
324,2,female,22.0,29.0,True
325,3,male,,69.55,False
326,1,female,36.0,135.6333,True
327,3,male,61.0,6.2375,False
328,2,female,36.0,13.0,True
329,3,female,31.0,20.525,True
330,1,female,16.0,57.9792,True
331,3,female,,23.25,True
332,1,male,45.5,28.5,False
333,1,male,38.0,153.4625,False
334,3,male,16.0,18.0,False
335,1,female,,133.65,True
336,3,male,,7.8958,False
337,1,male,29.0,66.6,False
338,1,female,41.0,134.5,True
339,3,male,45.0,8.05,True
340,1,male,45.0,35.5,False
341,2,male,2.0,26.0,True
342,1,female,24.0,263.0,True
343,2,male,28.0,13.0,False
344,2,male,25.0,13.0,False
345,2,male,36.0,13.0,False
346,2,female,24.0,13.0,True
347,2,female,40.0,13.0,True
348,3,female,,16.1,True
349,3,male,3.0,15.9,True
350,3,male,42.0,8.6625,False
351,3,male,23.0,9.225,False
352,1,male,,35.0,False
353,3,male,15.0,7.2292,False
354,3,male,25.0,17.8,False
355,3,male,,7.225,False
356,3,male,28.0,9.5,False
357,1,female,22.0,55.0,True
358,2,female,38.0,13.0,False
359,3,female,,7.8792,True
360,3,female,,7.8792,True
361,3,male,40.0,27.9,False
362,2,male,29.0,27.7208,False
363,3,female,45.0,14.4542,False
364,3,male,35.0,7.05,False
365,3,male,,15.5,False
366,3,male,30.0,7.25,False
367,1,female,60.0,75.25,True
368,3,female,,7.2292,True
369,3,female,,7.75,True
370,1,female,24.0,69.3,True
371,1,male,25.0,55.4417,True
372,3,male,18.0,6.4958,False
373,3,male,19.0,8.05,False
374,1,male,22.0,135.6333,False
375,3,female,3.0,21.075,False
376,1,female,,82.1708,True
377,3,female,22.0,7.25,True
378,1,male,27.0,211.5,False
379,3,male,20.0,4.0125,False
380,3,male,19.0,7.775,False
381,1,female,42.0,227.525,True
382,3,female,1.0,15.7417,True
383,3,male,32.0,7.925,False
384,1,female,35.0,52.0,True
385,3,male,,7.8958,False
386,2,male,18.0,73.5,False
387,3,male,1.0,46.9,False
388,2,female,36.0,13.0,True
389,3,male,,7.7292,False
390,2,female,17.0,12.0,True
391,1,male,36.0,120.0,True
392,3,male,21.0,7.7958,True
393,3,male,28.0,7.925,False
394,1,female,23.0,113.275,True
395,3,female,24.0,16.7,True
396,3,male,22.0,7.7958,False
397,3,female,31.0,7.8542,False
398,2,male,46.0,26.0,False
399,2,male,23.0,10.5,False
400,2,female,28.0,12.65,True
401,3,male,39.0,7.925,True
402,3,male,26.0,8.05,False
403,3,female,21.0,9.825,False
404,3,male,28.0,15.85,False
405,3,female,20.0,8.6625,False
406,2,male,34.0,21.0,False
407,3,male,51.0,7.75,False
408,2,male,3.0,18.75,True
409,3,male,21.0,7.775,False
410,3,female,,25.4667,False
411,3,male,,7.8958,False
412,3,male,,6.8583,False
413,1,female,33.0,90.0,True
414,2,male,,0.0,False
415,3,male,44.0,7.925,True
416,3,female,,8.05,False
417,2,female,34.0,32.5,True
418,2,female,18.0,13.0,True
419,2,male,30.0,13.0,False
420,3,female,10.0,24.15,False
421,3,male,,7.8958,False
422,3,male,21.0,7.7333,False
423,3,male,29.0,7.875,False
424,3,female,28.0,14.4,False
425,3,male,18.0,20.2125,False
426,3,male,,7.25,False
427,2,female,28.0,26.0,True
428,2,female,19.0,26.0,True
429,3,male,,7.75,False
430,3,male,32.0,8.05,True
431,1,male,28.0,26.55,True
432,3,female,,16.1,True
433,2,female,42.0,26.0,True
434,3,male,17.0,7.125,False
435,1,male,50.0,55.9,False
436,1,female,14.0,120.0,True
437,3,female,21.0,34.375,False
438,2,female,24.0,18.75,True
439,1,male,64.0,263.0,False
440,2,male,31.0,10.5,False
441,2,female,45.0,26.25,True
442,3,male,20.0,9.5,False
443,3,male,25.0,7.775,False
444,2,female,28.0,13.0,True
445,3,male,,8.1125,True
446,1,male,4.0,81.8583,True
447,2,female,13.0,19.5,True
448,1,male,34.0,26.55,True
449,3,female,5.0,19.2583,True
450,1,male,52.0,30.5,True
451,2,male,36.0,27.75,False
452,3,male,,19.9667,False
453,1,male,30.0,27.75,False
454,1,male,49.0,89.1042,True
455,3,male,,8.05,False
456,3,male,29.0,7.8958,True
457,1,male,65.0,26.55,False
458,1,female,,51.8625,True
459,2,female,50.0,10.5,True
460,3,male,,7.75,False
461,1,male,48.0,26.55,True
462,3,male,34.0,8.05,False
463,1,male,47.0,38.5,False
464,2,male,48.0,13.0,False
465,3,male,,8.05,False
466,3,male,38.0,7.05,False
467,2,male,,0.0,False
468,1,male,56.0,26.55,False
469,3,male,,7.725,False
470,3,female,0.75,19.2583,True
471,3,male,,7.25,False
472,3,male,38.0,8.6625,False
473,2,female,33.0,27.75,True
474,2,female,23.0,13.7917,True
475,3,female,22.0,9.8375,False
476,1,male,,52.0,False
477,2,male,34.0,21.0,False
478,3,male,29.0,7.0458,False
479,3,male,22.0,7.5208,False
480,3,female,2.0,12.2875,True
481,3,male,9.0,46.9,False
482,2,male,,0.0,False
483,3,male,50.0,8.05,False
484,3,female,63.0,9.5875,True
485,1,male,25.0,91.0792,True
486,3,female,,25.4667,False
487,1,female,35.0,90.0,True
488,1,male,58.0,29.7,False
489,3,male,30.0,8.05,False
490,3,male,9.0,15.9,True
491,3,male,,19.9667,False
492,3,male,21.0,7.25,False
493,1,male,55.0,30.5,False
494,1,male,71.0,49.5042,False
495,3,male,21.0,8.05,False
496,3,male,,14.4583,False
497,1,female,54.0,78.2667,True
498,3,male,,15.1,False
499,1,female,25.0,151.55,False
500,3,male,24.0,7.7958,False
501,3,male,17.0,8.6625,False
502,3,female,21.0,7.75,False
503,3,female,,7.6292,False
504,3,female,37.0,9.5875,False
505,1,female,16.0,86.5,True
506,1,male,18.0,108.9,False
507,2,female,33.0,26.0,True
508,1,male,,26.55,True
509,3,male,28.0,22.525,False
510,3,male,26.0,56.4958,True
511,3,male,29.0,7.75,True
512,3,male,,8.05,False
513,1,male,36.0,26.2875,True
514,1,female,54.0,59.4,True
515,3,male,24.0,7.4958,False
516,1,male,47.0,34.0208,False
517,2,female,34.0,10.5,True
518,3,male,,24.15,False
519,2,female,36.0,26.0,True
520,3,male,32.0,7.8958,False
521,1,female,30.0,93.5,True
522,3,male,22.0,7.8958,False
523,3,male,,7.225,False
524,1,female,44.0,57.9792,True
525,3,male,,7.2292,False
526,3,male,40.5,7.75,False
527,2,female,50.0,10.5,True
528,1,male,,221.7792,False
529,3,male,39.0,7.925,False
530,2,male,23.0,11.5,False
531,2,female,2.0,26.0,True
532,3,male,,7.2292,False
533,3,male,17.0,7.2292,False
534,3,female,,22.3583,True
535,3,female,30.0,8.6625,False
536,2,female,7.0,26.25,True
537,1,male,45.0,26.55,False
538,1,female,30.0,106.425,True
539,3,male,,14.5,False
540,1,female,22.0,49.5,True
541,1,female,36.0,71.0,True
542,3,female,9.0,31.275,False
543,3,female,11.0,31.275,False
544,2,male,32.0,26.0,True
545,1,male,50.0,106.425,False
546,1,male,64.0,26.0,False
547,2,female,19.0,26.0,True
548,2,male,,13.8625,True
549,3,male,33.0,20.525,False
550,2,male,8.0,36.75,True
551,1,male,17.0,110.8833,True
552,2,male,27.0,26.0,False
553,3,male,,7.8292,False
554,3,male,22.0,7.225,True
555,3,female,22.0,7.775,True
556,1,male,62.0,26.55,False
557,1,female,48.0,39.6,True
558,1,male,,227.525,False
559,1,female,39.0,79.65,True
560,3,female,36.0,17.4,True
561,3,male,,7.75,False
562,3,male,40.0,7.8958,False
563,2,male,28.0,13.5,False
564,3,male,,8.05,False
565,3,female,,8.05,False
566,3,male,24.0,24.15,False
567,3,male,19.0,7.8958,False
568,3,female,29.0,21.075,False
569,3,male,,7.2292,False
570,3,male,32.0,7.8542,True
571,2,male,62.0,10.5,True
572,1,female,53.0,51.4792,True
573,1,male,36.0,26.3875,True
574,3,female,,7.75,True
575,3,male,16.0,8.05,False
576,3,male,19.0,14.5,False
577,2,female,34.0,13.0,True
578,1,female,39.0,55.9,True
579,3,female,,14.4583,False
580,3,male,32.0,7.925,True
581,2,female,25.0,30.0,True
582,1,female,39.0,110.8833,True
583,2,male,54.0,26.0,False
584,1,male,36.0,40.125,False
585,3,male,,8.7125,False
586,1,female,18.0,79.65,True
587,2,male,47.0,15.0,False
588,1,male,60.0,79.2,True
589,3,male,22.0,8.05,False
590,3,male,,8.05,False
591,3,male,35.0,7.125,False
592,1,female,52.0,78.2667,True
593,3,male,47.0,7.25,False
594,3,female,,7.75,False
595,2,male,37.0,26.0,False
596,3,male,36.0,24.15,False
597,2,female,,33.0,True
598,3,male,49.0,0.0,False
599,3,male,,7.225,False
600,1,male,49.0,56.9292,True
601,2,female,24.0,27.0,True
602,3,male,,7.8958,False
603,1,male,,42.4,False
604,3,male,44.0,8.05,False
605,1,male,35.0,26.55,True
606,3,male,36.0,15.55,False
607,3,male,30.0,7.8958,False
608,1,male,27.0,30.5,True
609,2,female,22.0,41.5792,True
610,1,female,40.0,153.4625,True
611,3,female,39.0,31.275,False
612,3,male,,7.05,False
613,3,female,,15.5,True
614,3,male,,7.75,False
615,3,male,35.0,8.05,False
616,2,female,24.0,65.0,True
617,3,male,34.0,14.4,False
618,3,female,26.0,16.1,False
619,2,female,4.0,39.0,True
620,2,male,26.0,10.5,False
621,3,male,27.0,14.4542,False
622,1,male,42.0,52.5542,True
623,3,male,20.0,15.7417,True
624,3,male,21.0,7.8542,False
625,3,male,21.0,16.1,False
626,1,male,61.0,32.3208,False
627,2,male,57.0,12.35,False
628,1,female,21.0,77.9583,True
629,3,male,26.0,7.8958,False
630,3,male,,7.7333,False
631,1,male,80.0,30.0,True
632,3,male,51.0,7.0542,False
633,1,male,32.0,30.5,True
634,1,male,,0.0,False
635,3,female,9.0,27.9,False
636,2,female,28.0,13.0,True
637,3,male,32.0,7.925,False
638,2,male,31.0,26.25,False
639,3,female,41.0,39.6875,False
640,3,male,,16.1,False
641,3,male,20.0,7.8542,False
642,1,female,24.0,69.3,True
643,3,female,2.0,27.9,False
644,3,male,,56.4958,True
645,3,female,0.75,19.2583,True
646,1,male,48.0,76.7292,True
647,3,male,19.0,7.8958,False
648,1,male,56.0,35.5,True
649,3,male,,7.55,False
650,3,female,23.0,7.55,True
651,3,male,,7.8958,False
652,2,female,18.0,23.0,True
653,3,male,21.0,8.4333,False
654,3,female,,7.8292,True
655,3,female,18.0,6.75,False
656,2,male,24.0,73.5,False
657,3,male,,7.8958,False
658,3,female,32.0,15.5,False
659,2,male,23.0,13.0,False
660,1,male,58.0,113.275,False
661,1,male,50.0,133.65,True
662,3,male,40.0,7.225,False
663,1,male,47.0,25.5875,False
664,3,male,36.0,7.4958,False
665,3,male,20.0,7.925,True
666,2,male,32.0,73.5,False
667,2,male,25.0,13.0,False
668,3,male,,7.775,False
669,3,male,43.0,8.05,False
670,1,female,,52.0,True
671,2,female,40.0,39.0,True
672,1,male,31.0,52.0,False
673,2,male,70.0,10.5,False
674,2,male,31.0,13.0,True
675,2,male,,0.0,False
676,3,male,18.0,7.775,False
677,3,male,24.5,8.05,False
678,3,female,18.0,9.8417,True
679,3,female,43.0,46.9,False
680,1,male,36.0,512.3292,True
681,3,female,,8.1375,False
682,1,male,27.0,76.7292,True
683,3,male,20.0,9.225,False
684,3,male,14.0,46.9,False
685,2,male,60.0,39.0,False
686,2,male,25.0,41.5792,False
687,3,male,14.0,39.6875,False
688,3,male,19.0,10.1708,False
689,3,male,18.0,7.7958,False
690,1,female,15.0,211.3375,True
691,1,male,31.0,57.0,True
692,3,female,4.0,13.4167,True
693,3,male,,56.4958,True
694,3,male,25.0,7.225,False
695,1,male,60.0,26.55,False
696,2,male,52.0,13.5,False
697,3,male,44.0,8.05,False
698,3,female,,7.7333,True
699,1,male,49.0,110.8833,False
700,3,male,42.0,7.65,False
701,1,female,18.0,227.525,True
702,1,male,35.0,26.2875,True
703,3,female,18.0,14.4542,False
704,3,male,25.0,7.7417,False
705,3,male,26.0,7.8542,False
706,2,male,39.0,26.0,False
707,2,female,45.0,13.5,True
708,1,male,42.0,26.2875,True
709,1,female,22.0,151.55,True
710,3,male,,15.2458,True
711,1,female,24.0,49.5042,True
712,1,male,,26.55,False
713,1,male,48.0,52.0,True
714,3,male,29.0,9.4833,False
715,2,male,52.0,13.0,False
716,3,male,19.0,7.65,False
717,1,female,38.0,227.525,True
718,2,female,27.0,10.5,True
719,3,male,,15.5,False
720,3,male,33.0,7.775,False
721,2,female,6.0,33.0,True
722,3,male,17.0,7.0542,False
723,2,male,34.0,13.0,False
724,2,male,50.0,13.0,False
725,1,male,27.0,53.1,True
726,3,male,20.0,8.6625,False
727,2,female,30.0,21.0,True
728,3,female,,7.7375,True
729,2,male,25.0,26.0,False
730,3,female,25.0,7.925,False
731,1,female,29.0,211.3375,True
732,3,male,11.0,18.7875,False
733,2,male,,0.0,False
734,2,male,23.0,13.0,False
735,2,male,23.0,13.0,False
736,3,male,28.5,16.1,False
737,3,female,48.0,34.375,False
738,1,male,35.0,512.3292,True
739,3,male,,7.8958,False
740,3,male,,7.8958,False
741,1,male,,30.0,True
742,1,male,36.0,78.85,False
743,1,female,21.0,262.375,True
744,3,male,24.0,16.1,False
745,3,male,31.0,7.925,True
746,1,male,70.0,71.0,False
747,3,male,16.0,20.25,False
748,2,female,30.0,13.0,True
749,1,male,19.0,53.1,False
750,3,male,31.0,7.75,False
751,2,female,4.0,23.0,True
752,3,male,6.0,12.475,True
753,3,male,33.0,9.5,False
754,3,male,23.0,7.8958,False
755,2,female,48.0,65.0,True
756,2,male,0.67,14.5,True
757,3,male,28.0,7.7958,False
758,2,male,18.0,11.5,False
759,3,male,34.0,8.05,False
760,1,female,33.0,86.5,True
761,3,male,,14.5,False
762,3,male,41.0,7.125,False
763,3,male,20.0,7.2292,True
764,1,female,36.0,120.0,True
765,3,male,16.0,7.775,False
766,1,female,51.0,77.9583,True
767,1,male,,39.6,False
768,3,female,30.5,7.75,False
769,3,male,,24.15,False
770,3,male,32.0,8.3625,False
771,3,male,24.0,9.5,False
772,3,male,48.0,7.8542,False
773,2,female,57.0,10.5,False
774,3,male,,7.225,False
775,2,female,54.0,23.0,True
776,3,male,18.0,7.75,False
777,3,male,,7.75,False
778,3,female,5.0,12.475,True
779,3,male,,7.7375,False
780,1,female,43.0,211.3375,True
781,3,female,13.0,7.2292,True
782,1,female,17.0,57.0,True
783,1,male,29.0,30.0,False
784,3,male,,23.45,False
785,3,male,25.0,7.05,False
786,3,male,25.0,7.25,False
787,3,female,18.0,7.4958,True
788,3,male,8.0,29.125,False
789,3,male,1.0,20.575,True
790,1,male,46.0,79.2,False
791,3,male,,7.75,False
792,2,male,16.0,26.0,False
793,3,female,,69.55,False
794,1,male,,30.6958,False
795,3,male,25.0,7.8958,False
796,2,male,39.0,13.0,False
797,1,female,49.0,25.9292,True
798,3,female,31.0,8.6833,True
799,3,male,30.0,7.2292,False
800,3,female,30.0,24.15,False
801,2,male,34.0,13.0,False
802,2,female,31.0,26.25,True
803,1,male,11.0,120.0,True
804,3,male,0.42,8.5167,True
805,3,male,27.0,6.975,True
806,3,male,31.0,7.775,False
807,1,male,39.0,0.0,False
808,3,female,18.0,7.775,False
809,2,male,39.0,13.0,False
810,1,female,33.0,53.1,True
811,3,male,26.0,7.8875,False
812,3,male,39.0,24.15,False
813,2,male,35.0,10.5,False
814,3,female,6.0,31.275,False
815,3,male,30.5,8.05,False
816,1,male,,0.0,False
817,3,female,23.0,7.925,False
818,2,male,31.0,37.0042,False
819,3,male,43.0,6.45,False
820,3,male,10.0,27.9,False
821,1,female,52.0,93.5,True
822,3,male,27.0,8.6625,True
823,1,male,38.0,0.0,False
824,3,female,27.0,12.475,True
825,3,male,2.0,39.6875,False
826,3,male,,6.95,False
827,3,male,,56.4958,False
828,2,male,1.0,37.0042,True
829,3,male,,7.75,True
830,1,female,62.0,80.0,True
831,3,female,15.0,14.4542,True
832,2,male,0.83,18.75,True
833,3,male,,7.2292,False
834,3,male,23.0,7.8542,False
835,3,male,18.0,8.3,False
836,1,female,39.0,83.1583,True
837,3,male,21.0,8.6625,False
838,3,male,,8.05,False
839,3,male,32.0,56.4958,True
840,1,male,,29.7,True
841,3,male,20.0,7.925,False
842,2,male,16.0,10.5,False
843,1,female,30.0,31.0,True
844,3,male,34.5,6.4375,False
845,3,male,17.0,8.6625,False
846,3,male,42.0,7.55,False
847,3,male,,69.55,False
848,3,male,35.0,7.8958,False
849,2,male,28.0,33.0,False
850,1,female,,89.1042,True
851,3,male,4.0,31.275,False
852,3,male,74.0,7.775,False
853,3,female,9.0,15.2458,False
854,1,female,16.0,39.4,True
855,2,female,44.0,26.0,False
856,3,female,18.0,9.35,True
857,1,female,45.0,164.8667,True
858,1,male,51.0,26.55,True
859,3,female,24.0,19.2583,True
860,3,male,,7.2292,False
861,3,male,41.0,14.1083,False
862,2,male,21.0,11.5,False
863,1,female,48.0,25.9292,True
864,3,female,,69.55,False
865,2,male,24.0,13.0,False
866,2,female,42.0,13.0,True
867,2,female,27.0,13.8583,True
868,1,male,31.0,50.4958,False
869,3,male,,9.5,False
870,3,male,4.0,11.1333,True
871,3,male,26.0,7.8958,False
872,1,female,47.0,52.5542,True
873,1,male,33.0,5.0,False
874,3,male,47.0,9.0,False
875,2,female,28.0,24.0,True
876,3,female,15.0,7.225,True
877,3,male,20.0,9.8458,False
878,3,male,19.0,7.8958,False
879,3,male,,7.8958,False
880,1,female,56.0,83.1583,True
881,2,female,25.0,26.0,True
882,3,male,33.0,7.8958,False
883,3,female,22.0,10.5167,False
884,2,male,28.0,10.5,False
885,3,male,25.0,7.05,False
886,3,female,39.0,29.125,False
887,2,male,27.0,13.0,False
888,1,female,19.0,30.0,True
889,3,female,,23.45,False
890,1,male,26.0,30.0,True
891,3,male,32.0,7.75,False
